side_radius_mm,lagrange,newton,spline,qr_polynomial
2.000000000000000000e+01,1.000000000000000611e-01,1.000000000000000611e-01,1.000000000000000611e-01,1.049303824687557452e-01
2.005000000000000071e+01,9.962777503974867832e-02,9.962777503974869220e-02,9.893864372413520292e-02,1.025318608479954818e-01
2.010000000000000142e+01,9.922816282238390573e-02,9.922816282238389185e-02,9.787735955373723373e-02,1.001615522630014965e-01
2.014999999999999858e+01,9.880173356042580568e-02,9.880173356042580568e-02,9.681621959427308410e-02,9.781934184964846679e-02
2.019999999999999929e+01,9.834905401512673839e-02,9.834905401512675227e-02,9.575529595120946258e-02,9.550511474381373489e-02
2.025000000000000000e+01,9.787068749647141741e-02,9.787068749647141741e-02,9.469466073001335527e-02,9.321875608137197844e-02
2.030000000000000071e+01,9.736719386317671532e-02,9.736719386317671532e-02,9.363438603615160949e-02,9.096015099819876326e-02
2.035000000000000142e+01,9.683912952269187191e-02,9.683912952269187191e-02,9.257454397509110033e-02,8.872918463017320789e-02
2.039999999999999858e+01,9.628704743119836928e-02,9.628704743119836928e-02,9.151520665229880003e-02,8.652574211316821362e-02
2.044999999999999929e+01,9.571149709360989022e-02,9.571149709360989022e-02,9.045644617324138936e-02,8.434970858306201080e-02
2.050000000000000000e+01,9.511302456357245694e-02,9.511302456357247082e-02,8.939833464338585445e-02,8.220096917572927708e-02
2.055000000000000071e+01,9.449217244346441724e-02,9.449217244346440336e-02,8.834094416819905649e-02,8.007940902704557828e-02
2.060000000000000142e+01,9.384947988439623634e-02,9.384947988439623634e-02,8.728434685314785668e-02,7.798491327289003294e-02
2.064999999999999858e+01,9.318548258621087155e-02,9.318548258621087155e-02,8.622861480369921339e-02,7.591736704913465417e-02
2.069999999999999929e+01,9.250071279748328656e-02,9.250071279748328656e-02,8.517382012531987678e-02,7.387665549165856049e-02
2.075000000000000000e+01,9.179569931552090944e-02,9.179569931552090944e-02,8.412003492347674971e-02,7.186266373633731774e-02
2.080000000000000071e+01,9.107096748636338279e-02,9.107096748636339667e-02,8.306733130363673501e-02,6.987527691904560356e-02
2.085000000000000142e+01,9.032703920478267479e-02,9.032703920478264703e-02,8.201578137126668000e-02,6.791438017566076013e-02
2.089999999999999858e+01,8.956443291428294040e-02,8.956443291428292652e-02,8.096545723183357079e-02,6.597985864205924145e-02
2.094999999999999929e+01,8.878366360710057692e-02,8.878366360710056304e-02,7.991643099080411594e-02,6.407159745411572516e-02
2.100000000000000000e+01,8.798524282420434883e-02,8.798524282420434883e-02,7.886877475364525991e-02,6.218948174770666526e-02
2.105000000000000071e+01,8.716967865529529069e-02,8.716967865529530457e-02,7.782256062582387779e-02,6.033339665870851576e-02
2.110000000000000142e+01,8.633747573880667936e-02,8.633747573880667936e-02,7.677786071280681690e-02,5.850322732299773065e-02
2.114999999999999858e+01,8.548913526190411727e-02,8.548913526190410339e-02,7.573474712006107723e-02,5.669885887644898759e-02
2.119999999999999929e+01,8.462515496048525487e-02,8.462515496048526875e-02,7.469329195305332569e-02,5.492017645494051692e-02
2.125000000000000000e+01,8.374602911918033188e-02,8.374602911918031800e-02,7.365356731725056227e-02,5.316706519434699629e-02
2.130000000000000071e+01,8.285224857135164989e-02,8.285224857135162213e-02,7.261564531811962042e-02,5.143941023054399153e-02
2.135000000000000142e+01,8.194430069909383607e-02,8.194430069909382219e-02,7.157959806112741685e-02,4.973709669940884481e-02
2.139999999999999858e+01,8.102266943323389869e-02,8.102266943323388482e-02,7.054549765174085441e-02,4.806000973681712196e-02
2.144999999999999929e+01,8.008783525333088016e-02,8.008783525333085240e-02,6.951341619542669714e-02,4.640803447864350062e-02
2.150000000000000000e+01,7.914027518767625946e-02,7.914027518767625946e-02,6.848342579765186178e-02,4.478105606076709932e-02
2.155000000000000071e+01,7.818046281329381342e-02,7.818046281329381342e-02,6.745559856388323727e-02,4.317895961906170754e-02
2.160000000000000142e+01,7.720886825593950564e-02,7.720886825593950564e-02,6.643000659958771259e-02,4.160163028940377927e-02
2.164999999999999858e+01,7.622595819010168083e-02,7.622595819010166696e-02,6.540672201023220445e-02,4.004895320766976852e-02
2.169999999999999929e+01,7.523219583900073171e-02,7.523219583900073171e-02,6.438581690128343527e-02,3.852081350973524110e-02
2.175000000000000000e+01,7.422804097458952921e-02,7.422804097458954309e-02,6.336736337820837728e-02,3.701709633147753920e-02
2.180000000000000071e+01,7.321394991755321435e-02,7.321394991755320047e-02,6.235143354647390557e-02,3.553768680877045227e-02
2.185000000000000142e+01,7.219037553730907331e-02,7.219037553730904555e-02,6.133809951154687440e-02,3.408247007749221069e-02
2.189999999999999858e+01,7.115776725200680108e-02,7.115776725200680108e-02,6.032743337889424212e-02,3.265133127351838027e-02
2.194999999999999929e+01,7.011657102852818235e-02,7.011657102852819623e-02,5.931950725398274504e-02,3.124415553272452684e-02
2.200000000000000000e+01,6.906722938248746613e-02,6.906722938248746613e-02,5.831439324227929988e-02,2.986082799098710439e-02
2.205000000000000071e+01,6.801018137823110210e-02,6.801018137823108822e-02,5.731216344925080253e-02,2.850123378418256692e-02
2.210000000000000142e+01,6.694586262883774064e-02,6.694586262883774064e-02,5.631288998036412807e-02,2.716525804818470391e-02
2.214999999999999858e+01,6.587470529611849646e-02,6.587470529611849646e-02,5.531664494108622099e-02,2.585278591887174571e-02
2.219999999999999929e+01,6.479713809061646290e-02,6.479713809061647678e-02,5.432350043688380370e-02,2.456370253212192267e-02
2.225000000000000000e+01,6.371358627160728094e-02,6.371358627160725319e-02,5.333352857322382068e-02,2.329789302380724791e-02
2.230000000000000071e+01,6.262447164709863956e-02,6.262447164709866732e-02,5.234680145557315395e-02,2.205524252980417543e-02
2.235000000000000142e+01,6.153021257383075454e-02,6.153021257383074760e-02,5.136339118939867165e-02,2.083563618599182377e-02
2.239999999999999858e+01,6.043122395727594520e-02,6.043122395727595214e-02,5.038336988016732521e-02,1.963895912824220602e-02
2.244999999999999929e+01,5.932791725163873153e-02,5.932791725163871766e-02,4.940680963334583009e-02,1.846509649243532891e-02
2.250000000000000000e+01,5.822070045985604236e-02,5.822070045985603542e-02,4.843378255440115160e-02,1.731393341444498191e-02
2.255000000000000071e+01,5.710997813359704883e-02,5.710997813359704189e-02,4.746436074880015094e-02,1.618535503014761900e-02
2.260000000000000142e+01,5.599615137326319214e-02,5.599615137326319214e-02,4.649861632200969624e-02,1.507924647541969421e-02
2.264999999999999858e+01,5.487961782798824600e-02,5.487961782798823906e-02,4.553662137949674588e-02,1.399549288613588516e-02
2.269999999999999929e+01,5.376077169563803909e-02,5.376077169563801827e-02,4.457844802672802920e-02,1.293397939817531039e-02
2.275000000000000000e+01,5.264000372281086443e-02,5.264000372281086443e-02,4.362416836917048374e-02,1.189459114741175938e-02
2.280000000000000071e+01,5.151770120483728510e-02,5.151770120483728510e-02,4.267385451229098459e-02,1.087721326972168612e-02
2.285000000000000142e+01,5.039424798578008569e-02,5.039424798578007875e-02,4.172757856155641376e-02,9.881730900980656429e-03
2.289999999999999858e+01,4.927002445843438327e-02,4.927002445843437634e-02,4.078541262243369492e-02,8.908029177066900672e-03
2.294999999999999929e+01,4.814540756432737073e-02,4.814540756432736379e-02,3.984742880038958518e-02,7.955993233852431956e-03
2.300000000000000000e+01,4.702077079371873997e-02,4.702077079371873303e-02,3.891369920089102902e-02,7.025508207216368817e-03
2.305000000000000071e+01,4.589648418560035581e-02,4.589648418560034887e-02,3.798429592940487376e-02,6.116459233035165255e-03
2.310000000000000142e+01,4.477291432769637397e-02,4.477291432769637397e-02,3.705929109139801531e-02,5.228731447183498915e-03
2.314999999999999858e+01,4.365042435646331043e-02,4.365042435646331043e-02,3.613875679233738425e-02,4.362209985537823798e-03
2.319999999999999929e+01,4.252937395708968754e-02,4.252937395708967366e-02,3.522276513768971690e-02,3.516779983975482082e-03
2.325000000000000000e+01,4.141011936349654060e-02,4.141011936349654060e-02,3.431138823292196466e-02,2.692326578370263235e-03
2.330000000000000071e+01,4.029301335833712638e-02,4.029301335833711945e-02,3.340469818350100262e-02,1.888734904599509434e-03
2.335000000000000142e+01,3.917840527299695785e-02,3.917840527299694398e-02,3.250276709489370586e-02,1.105890098539674682e-03
2.339999999999999858e+01,3.806664098759386661e-02,3.806664098759386661e-02,3.160566707256698415e-02,3.436772960663248000e-04
2.344999999999999929e+01,3.695806293097778777e-02,3.695806293097778084e-02,3.071347022198762586e-02,-3.980183669458625673e-04
2.350000000000000000e+01,3.585301008073110696e-02,3.585301008073110696e-02,2.982624864862252687e-02,-1.119311754618657062e-03
2.355000000000000071e+01,3.475181796316842431e-02,3.475181796316841043e-02,2.894407445793858655e-02,-1.820317731077381040e-03
2.360000000000000142e+01,3.365481865333660311e-02,3.365481865333658229e-02,2.806701975540266958e-02,-2.501151160444692323e-03
2.364999999999999858e+01,3.256234077501487384e-02,3.256234077501485302e-02,2.719515664648172390e-02,-3.161926906844136909e-03
2.369999999999999929e+01,3.147470950071446644e-02,3.147470950071445950e-02,2.632855723664247888e-02,-3.802759834401925332e-03
2.375000000000000000e+01,3.039224655167918621e-02,3.039224655167917233e-02,2.546729363135188245e-02,-4.423764807240715413e-03
2.380000000000000071e+01,2.931527019788495239e-02,2.931527019788494892e-02,2.461143793607682012e-02,-5.025056689483164973e-03
2.385000000000000142e+01,2.824409525804002369e-02,2.824409525804001675e-02,2.376106225628413920e-02,-5.606750345256372725e-03
2.389999999999999858e+01,2.717903309958496008e-02,2.717903309958495661e-02,2.291623869744079459e-02,-6.168960638681220132e-03
2.394999999999999929e+01,2.612039163869239386e-02,2.612039163869238345e-02,2.207703936501351910e-02,-6.711802433882141372e-03
2.400000000000000000e+01,2.506847534026743554e-02,2.506847534026743207e-02,2.124353636446926069e-02,-7.235390594986235158e-03
2.405000000000000071e+01,2.402358521794740326e-02,2.402358521794739632e-02,2.041580180127489097e-02,-7.739839986111718417e-03
2.410000000000000142e+01,2.298601883410188174e-02,2.298601883410188174e-02,1.959390778089728502e-02,-8.225265471387466221e-03
2.414999999999999858e+01,2.195607029983281597e-02,2.195607029983280556e-02,1.877792640880337691e-02,-8.691781914936136388e-03
2.419999999999999929e+01,2.093403027497417815e-02,2.093403027497417468e-02,1.796792979045991334e-02,-9.139504180878610384e-03
2.425000000000000000e+01,1.992018596809245340e-02,1.992018596809244646e-02,1.716399003133384574e-02,-9.568547133341986921e-03
2.430000000000000071e+01,1.891482113648632057e-02,1.891482113648632057e-02,1.636617923689202142e-02,-9.979025636452476533e-03
2.435000000000000142e+01,1.791821608618671818e-02,1.791821608618671124e-02,1.557456951260132935e-02,-1.037105455432740797e-02
2.439999999999999858e+01,1.693064767195693807e-02,1.693064767195692766e-02,1.478923296392870186e-02,-1.074474875109654448e-02
2.444999999999999929e+01,1.595238929729234437e-02,1.595238929729234090e-02,1.401024169634089087e-02,-1.110022309087987935e-02
2.450000000000000000e+01,1.498371091442075344e-02,1.498371091442074476e-02,1.323766781530482869e-02,-1.143759243780539947e-02
2.455000000000000071e+01,1.402487902430220833e-02,1.402487902430220312e-02,1.247158342628739043e-02,-1.175697165599309812e-02
2.460000000000000142e+01,1.307615667662901347e-02,1.307615667662900827e-02,1.171206063475546677e-02,-1.205847560956740949e-02
2.464999999999999858e+01,1.213780346982581970e-02,1.213780346982580582e-02,1.095917154617594667e-02,-1.234221916265632046e-02
2.469999999999999929e+01,1.121007555104933801e-02,1.121007555104933107e-02,1.021298826601563757e-02,-1.260831717937804797e-02
2.475000000000000000e+01,1.029322561618876454e-02,1.029322561618875587e-02,9.473582899741433624e-03,-1.285688452385969072e-02
2.480000000000000071e+01,9.387502909865489201e-03,9.387502909865480527e-03,8.741027552820225532e-03,-1.308803606022657107e-02
2.485000000000000142e+01,8.493153225433184086e-03,8.493153225433175413e-03,8.015394330718879704e-03,-1.330188665259779413e-02
2.489999999999999858e+01,7.610418904977839065e-03,7.610418904977836463e-03,7.296755338904333671e-03,-1.349855116510223496e-02
2.494999999999999929e+01,6.739538839317545799e-03,6.739538839317535390e-03,6.585182682843341954e-03,-1.367814446186166322e-02
2.500000000000000000e+01,5.880748468002849894e-03,5.880748468002849894e-03,5.880748468002849894e-03,-1.384078140699962489e-02
2.505000000000000071e+01,5.034279779316504569e-03,5.034279779316488956e-03,5.183547153520774373e-03,-1.398657686464144234e-02
2.510000000000000142e+01,4.200361310273537443e-03,4.200361310273528770e-03,4.493762613219325248e-03,-1.411564569890888521e-02
2.514999999999999858e+01,3.379218146621300843e-03,3.379218146621287833e-03,3.811601074591814894e-03,-1.422810277392905220e-02
2.519999999999999929e+01,2.571071922839248888e-03,2.571071922839229806e-03,3.137268765131413003e-03,-1.432406295382193662e-02
2.525000000000000000e+01,1.776140822139280102e-03,1.776140822139268827e-03,2.470971912331433682e-03,-1.440364110271374898e-02
2.530000000000000071e+01,9.946395764655121142e-04,9.946395764655058258e-04,1.812916743685141817e-03,-1.446695208472892347e-02
2.535000000000000142e+01,2.267794664943300134e-04,2.267794664943117988e-04,1.163309486685802944e-03,-1.451411076399100608e-02
2.539999999999999858e+01,-5.272316783655622580e-04,-5.272316783655611738e-04,5.223563688267268343e-04,-1.454523200462265464e-02
2.544999999999999929e+01,-1.267189479973334894e-03,-1.267189479973354627e-03,-1.097363823989109925e-04,-1.456043067074919151e-02
2.550000000000000000e+01,-1.992893011455740791e-03,-1.992893011455748598e-03,-7.327625394977997078e-04,-1.455982162649327449e-02
2.555000000000000071e+01,-2.704144797207301380e-03,-2.704144797207305717e-03,-1.346515874976673965e-03,-1.454351973597933778e-02
2.560000000000000142e+01,-3.400750812890273450e-03,-3.400750812890276920e-03,-1.950790161342267877e-03,-1.451163986333270373e-02
2.564999999999999858e+01,-4.082520485434592769e-03,-4.082520485434601443e-03,-2.545379171101275900e-03,-1.446429687267691833e-02
2.569999999999999929e+01,-4.749266693038068157e-03,-4.749266693038073361e-03,-3.130076676760515549e-03,-1.440160562813286305e-02
2.575000000000000000e+01,-5.400805765166094390e-03,-5.400805765166105665e-03,-3.704676450826679002e-03,-1.432368099382674842e-02
2.580000000000000071e+01,-6.036957482551830005e-03,-6.036957482551827403e-03,-4.268972265806501160e-03,-1.423063783388389680e-02
2.585000000000000142e+01,-6.657545077196178225e-03,-6.657545077196180827e-03,-4.822757894206716051e-03,-1.412259101242696602e-02
2.589999999999999858e+01,-7.262395232367721901e-03,-7.262395232367727105e-03,-5.365827108534020409e-03,-1.399965539357861388e-02
2.594999999999999929e+01,-7.851338082602890914e-03,-7.851338082602909996e-03,-5.897973681295227630e-03,-1.386194584146505093e-02
2.600000000000000000e+01,-8.424207213705736663e-03,-8.424207213705750541e-03,-6.418991384997030543e-03,-1.370957722020804681e-02
2.605000000000000071e+01,-8.980839662748053495e-03,-8.980839662748055230e-03,-6.928673992146165347e-03,-1.354266439393292387e-02
2.610000000000000142e+01,-9.521075918069377836e-03,-9.521075918069374366e-03,-7.426815275249368242e-03,-1.336132222676145176e-02
2.614999999999999858e+01,-1.004475991927695003e-02,-1.004475991927694656e-02,-7.913209006813335528e-03,-1.316566558282339372e-02
2.619999999999999929e+01,-1.055173905724582709e-02,-1.055173905724583749e-02,-8.387648959344873659e-03,-1.295580932623519033e-02
2.625000000000000000e+01,-1.104186417411869708e-02,-1.104186417411870402e-02,-8.849928905350685007e-03,-1.273186832112394029e-02
2.630000000000000071e+01,-1.151498956330600579e-02,-1.151498956330601620e-02,-9.299842617337499701e-03,-1.249395743161496597e-02
2.635000000000000142e+01,-1.197097296948593584e-02,-1.197097296948593237e-02,-9.737183867812053070e-03,-1.224219152183181336e-02
2.639999999999999858e+01,-1.240967558860435818e-02,-1.240967558860435471e-02,-1.016174642928105269e-02,-1.197668545589358757e-02
2.644999999999999929e+01,-1.283096206787496564e-02,-1.283096206787498472e-02,-1.057332407425128941e-02,-1.169755409793182821e-02
2.650000000000000000e+01,-1.323470050577909944e-02,-1.323470050577910118e-02,-1.097171057522946906e-02,-1.140491231206652856e-02
2.655000000000000071e+01,-1.362076245206583248e-02,-1.362076245206583769e-02,-1.135669970472232872e-02,-1.109887496242123461e-02
2.660000000000000142e+01,-1.398902290775200577e-02,-1.398902290775200230e-02,-1.172808523523660024e-02,-1.077955691311949238e-02
2.664999999999999858e+01,-1.433936032512211044e-02,-1.433936032512211911e-02,-1.208566093927899120e-02,-1.044707302828840056e-02
2.669999999999999929e+01,-1.467165660772849246e-02,-1.467165660772849767e-02,-1.242922058935629244e-02,-1.010153817204884064e-02
2.675000000000000000e+01,-1.498579711039112541e-02,-1.498579711039113582e-02,-1.275855795797520981e-02,-9.743067208524358591e-03
2.680000000000000071e+01,-1.528167063919773361e-02,-1.528167063919773361e-02,-1.307346681764248036e-02,-9.371775001842053143e-03
2.685000000000000142e+01,-1.555916945150378691e-02,-1.555916945150380426e-02,-1.337374094086483250e-02,-8.987776416124582113e-03
2.689999999999999858e+01,-1.581818925593244177e-02,-1.581818925593245218e-02,-1.365917410014898942e-02,-8.591186315491938785e-03
2.694999999999999929e+01,-1.605862921237465046e-02,-1.605862921237466434e-02,-1.392956006800172113e-02,-8.182119564073886409e-03
2.700000000000000000e+01,-1.628039193198905360e-02,-1.628039193198906054e-02,-1.418469261692974041e-02,-7.760691025990418268e-03
2.705000000000000071e+01,-1.648338347720199742e-02,-1.648338347720199049e-02,-1.442436551943978434e-02,-7.327015565367744898e-03
2.710000000000000142e+01,-1.666751336170759976e-02,-1.666751336170761710e-02,-1.464837254803858652e-02,-6.881208046327635941e-03
2.714999999999999858e+01,-1.683269455046766672e-02,-1.683269455046766672e-02,-1.485650747523287185e-02,-6.423383332997190109e-03
2.719999999999999929e+01,-1.697884345971177947e-02,-1.697884345971178988e-02,-1.504856407352939476e-02,-5.953656289498177046e-03
2.725000000000000000e+01,-1.710587995693722135e-02,-1.710587995693721441e-02,-1.522433611543488191e-02,-5.472141779953254570e-03
2.730000000000000071e+01,-1.721372736090898137e-02,-1.721372736090898137e-02,-1.538361737345606516e-02,-4.978954668487745039e-03
2.735000000000000142e+01,-1.730231244165982007e-02,-1.730231244165983395e-02,-1.552620162009968330e-02,-4.474209819228747165e-03
2.739999999999999858e+01,-1.737156542049018981e-02,-1.737156542049020369e-02,-1.565188262787246126e-02,-3.958022096293589698e-03
2.744999999999999929e+01,-1.742141996996829367e-02,-1.742141996996830755e-02,-1.576045416928114479e-02,-3.430506363810259529e-03
2.750000000000000000e+01,-1.745181321393006121e-02,-1.745181321393006468e-02,-1.585171001683247094e-02,-2.891777485904079015e-03
2.755000000000000071e+01,-1.746268572747913111e-02,-1.746268572747913805e-02,-1.592544394303316291e-02,-2.341950326695041440e-03
2.760000000000000142e+01,-1.745398153698689628e-02,-1.745398153698690669e-02,-1.598144972038995776e-02,-1.781139750310245518e-03
2.764999999999999858e+01,-1.742564812009246566e-02,-1.742564812009247954e-02,-1.601952112140959603e-02,-1.209460620872349068e-03
2.769999999999999929e+01,-1.737763640570266777e-02,-1.737763640570268164e-02,-1.603945191859880784e-02,-6.270278025048980908e-04
2.775000000000000000e+01,-1.730990077399208182e-02,-1.730990077399208182e-02,-1.604103588446433026e-02,-3.395615933143858456e-05
2.780000000000000071e+01,-1.722239905640296845e-02,-1.722239905640297886e-02,-1.602406679151288996e-02,5.696394445218189162e-04
2.785000000000000142e+01,-1.711509253564538063e-02,-1.711509253564537369e-02,-1.598833841225123786e-02,1.183644144933104769e-03
2.789999999999999858e+01,-1.698794594569707009e-02,-1.698794594569706662e-02,-1.593364451918609370e-02,1.807943077778872976e-03
2.794999999999999929e+01,-1.684092747180348029e-02,-1.684092747180349070e-02,-1.585977888482420148e-02,2.442421378932024822e-03
2.800000000000000000e+01,-1.667400875047784711e-02,-1.667400875047785058e-02,-1.576653528167228785e-02,3.086964184270790668e-03
2.805000000000000071e+01,-1.648716486950108778e-02,-1.648716486950110860e-02,-1.565370748223708988e-02,3.741456629673400869e-03
2.810000000000000142e+01,-1.628037436792187723e-02,-1.628037436792188764e-02,-1.552108925902534291e-02,4.405783851012756713e-03
2.814999999999999858e+01,-1.605361923605660296e-02,-1.605361923605660990e-02,-1.536847438454379787e-02,5.079830984163535845e-03
2.820000000000000284e+01,-1.580688491548935121e-02,-1.580688491548935815e-02,-1.519565663129914153e-02,5.763483165006633158e-03
2.825000000000000000e+01,-1.554016029907203875e-02,-1.554016029907202834e-02,-1.500242977179817340e-02,6.456625529417614473e-03
2.830000000000000071e+01,-1.525343773092416484e-02,-1.525343773092416311e-02,-1.478858757854757851e-02,7.159143213266716543e-03
2.835000000000000142e+01,-1.494671300643306625e-02,-1.494671300643307665e-02,-1.455392382405410953e-02,7.870921352436610618e-03
2.839999999999999858e+01,-1.461998537225379924e-02,-1.461998537225379924e-02,-1.429823228082451221e-02,8.591845082801086164e-03
2.845000000000000284e+01,-1.427325752630903728e-02,-1.427325752630903555e-02,-1.402130672136548024e-02,9.321799540233044468e-03
2.850000000000000000e+01,-1.390653561778937460e-02,-1.390653561778938674e-02,-1.372294091818380621e-02,1.006066986061160407e-02
2.855000000000000071e+01,-1.351982924715296012e-02,-1.351982924715294798e-02,-1.340292864378618207e-02,1.080834117981588349e-02
2.860000000000000142e+01,-1.311315146612573521e-02,-1.311315146612573868e-02,-1.306106367067935529e-02,1.156469863371700768e-02
2.864999999999999858e+01,-1.268651877770142836e-02,-1.268651877770142489e-02,-1.269713977137008898e-02,1.232962735819143063e-02
2.870000000000000284e+01,-1.223995113614132456e-02,-1.223995113614133323e-02,-1.231095071836502998e-02,1.310301248911649452e-02
2.875000000000000000e+01,-1.177347194697469200e-02,-1.177347194697470067e-02,-1.190229028417103332e-02,1.388473916237131789e-02
2.880000000000000071e+01,-1.128710806699828595e-02,-1.128710806699829983e-02,-1.147095224129474587e-02,1.467469251382613749e-02
2.885000000000000142e+01,-1.078088980427671997e-02,-1.078088980427673038e-02,-1.101673036224292204e-02,1.547275767935918367e-02
2.889999999999999858e+01,-1.025485091814234626e-02,-1.025485091814234972e-02,-1.053941841952234226e-02,1.627881979485046315e-02
2.895000000000000284e+01,-9.709028619195095994e-03,-9.709028619195092524e-03,-1.003881018563963085e-02,1.709276399617110087e-02
2.900000000000000000e+01,-9.143463569302876653e-03,-9.143463569302873184e-03,-9.514699433101670573e-03,1.791447541919755082e-02
2.905000000000000071e+01,-8.558199881601075837e-03,-8.558199881601072367e-03,-8.966879934415080550e-03,1.874383919980893154e-02
2.910000000000000142e+01,-7.953285120492958535e-03,-7.953285120492953331e-03,-8.395145462086629068e-03,1.958074047387903249e-02
2.914999999999999858e+01,-7.328770301649517073e-03,-7.328770301649523145e-03,-7.799289788623105235e-03,2.042506437728341950e-02
2.920000000000000284e+01,-6.684709892009295037e-03,-6.684709892009296772e-03,-7.179106686531107340e-03,2.127669604589943475e-02
2.925000000000000000e+01,-6.021161809778898151e-03,-6.021161809778907692e-03,-6.534389928317549390e-03,2.213552061560708495e-02
2.930000000000000071e+01,-5.338187424432305588e-03,-5.338187424432316863e-03,-5.864933286489026204e-03,2.300142322227483049e-02
2.935000000000000142e+01,-4.635851556711442431e-03,-4.635851556711451105e-03,-5.170530533552316482e-03,2.387428900178001356e-02
2.939999999999999858e+01,-3.914222478625946355e-03,-3.914222478625953294e-03,-4.450975442014212802e-03,2.475400309000619359e-02
2.945000000000000284e+01,-3.173371913452982009e-03,-3.173371913452988080e-03,-3.706061784381289165e-03,2.564045062282094278e-02
2.950000000000000000e+01,-2.413375035737809135e-03,-2.413375035737810870e-03,-2.935583333160490804e-03,2.653351673610249151e-02
2.955000000000000071e+01,-1.634310471293051389e-03,-1.634310471293060063e-03,-2.139333860858395192e-03,2.743308656573084647e-02
2.960000000000000142e+01,-8.362602971992603388e-04,-8.362602971992566525e-04,-1.317107139981794905e-03,2.833904524757802079e-02
2.964999999999999858e+01,-1.931004180473136489e-05,-1.931004180474871212e-05,-4.686969430374790524e-04,2.925127791752046846e-02
2.970000000000000284e+01,8.164513152747500391e-04,8.164513152747604474e-04,4.061029574680061205e-04,3.016966971143641985e-02
2.975000000000000000e+01,1.670931343155256446e-03,1.670931343155240834e-03,1.307498789027663338e-03,3.109410576520232894e-02
2.980000000000000071e+01,2.544034159685551379e-03,2.544034159685543139e-03,2.235696779134956763e-03,3.202447121468843250e-02
2.985000000000000142e+01,3.435660431446427299e-03,3.435660431446427299e-03,3.190903155283086878e-03,3.296065119577740177e-02
2.989999999999999858e+01,4.345707373750945859e-03,4.345707373750937186e-03,4.173324144965261107e-03,3.390253084434391440e-02
2.995000000000000284e+01,5.274068750644698989e-03,5.274068750644692050e-03,5.183165975674933201e-03,3.484999529625998349e-02
3.000000000000000000e+01,6.220634874905095479e-03,6.220634874905095479e-03,6.220634874905095479e-03,3.580292968740739212e-02
3.005000000000000071e+01,7.185292608042274758e-03,7.185292608042251339e-03,7.285810895589513343e-03,3.676121915365815340e-02
3.010000000000000142e+01,8.167925360298382634e-03,8.167925360298367021e-03,8.378269392422796336e-03,3.772474883089049769e-02
3.014999999999999858e+01,9.168413090647834982e-03,9.168413090647822838e-03,9.497459545539830086e-03,3.869340385497821444e-02
3.020000000000000284e+01,1.018663230679759703e-02,1.018663230679760223e-02,1.064283053507582462e-02,3.966706936180042220e-02
3.025000000000000000e+01,1.122245606518642094e-02,1.122245606518640360e-02,1.181383154116542183e-02,4.064563048723357497e-02
3.030000000000000071e+01,1.227575397098581642e-02,1.227575397098580601e-02,1.300991174394383262e-02,4.162897236714879767e-02
3.035000000000000142e+01,1.334639217809928911e-02,1.334639217809928391e-02,1.423052032354594348e-02,4.261698013742520885e-02
3.039999999999999858e+01,1.443423338916259742e-02,1.443423338916260956e-02,1.547510646010662877e-02,4.360953893394103886e-02
3.045000000000000284e+01,1.553913685554410284e-02,1.553913685554408897e-02,1.674311933376113060e-02,4.460653389256918899e-02
3.050000000000000000e+01,1.666095837734387491e-02,1.666095837734388185e-02,1.803400812464404923e-02,4.560785014918522506e-02
3.055000000000000071e+01,1.779955030339479966e-02,1.779955030339477884e-02,1.934722201289061985e-02,4.661337283966915379e-02
3.060000000000000142e+01,1.895476153126175040e-02,1.895476153126172958e-02,2.068221017863573416e-02,4.762298709989476464e-02
3.064999999999999858e+01,2.012643750724183583e-02,2.012643750724184277e-02,2.203842180201424222e-02,4.863657806573584708e-02
3.070000000000000284e+01,2.131442022636478167e-02,2.131442022636476086e-02,2.341530606316141738e-02,4.965403087307151964e-02
3.075000000000000000e+01,2.251854823239200082e-02,2.251854823239199388e-02,2.481231214221182521e-02,5.067523065778001268e-02
3.080000000000000071e+01,2.373865661781776604e-02,2.373865661781776604e-02,2.622888921930073905e-02,5.170006255573067477e-02
3.085000000000000142e+01,2.497457702386829057e-02,2.497457702386826628e-02,2.766448647456301591e-02,5.272841170280262446e-02
3.089999999999999858e+01,2.622613764050204729e-02,2.622613764050203689e-02,2.911855308813352319e-02,5.376016323487675663e-02
3.095000000000000284e+01,2.749316320641012612e-02,2.749316320641012612e-02,3.059053824014754119e-02,5.479520228782241986e-02
3.100000000000000000e+01,2.877547500901528679e-02,2.877547500901529720e-02,3.207989111073961813e-02,5.583341399751784451e-02
3.105000000000000071e+01,3.007289088447318362e-02,3.007289088447316627e-02,3.358606088004503082e-02,5.687468349984037275e-02
3.110000000000000142e+01,3.138522521767136281e-02,3.138522521767135587e-02,3.510849672819865014e-02,5.791889593066645858e-02
3.114999999999999858e+01,3.271228894222966144e-02,3.271228894222967531e-02,3.664664783533532616e-02,5.896593642586900330e-02
3.120000000000000284e+01,3.405388954050056483e-02,3.405388954050055095e-02,3.819996338159035998e-02,6.001569012132712544e-02
3.125000000000000000e+01,3.540983104356814487e-02,3.540983104356815181e-02,3.976789254709826860e-02,6.106804215291727900e-02
3.130000000000000071e+01,3.677991403124943048e-02,3.677991403124941661e-02,4.134988451199436005e-02,6.212287765651058891e-02
3.135000000000000142e+01,3.816393563209333206e-02,3.816393563209331818e-02,4.294538845641349134e-02,6.318008176798795006e-02
3.139999999999999858e+01,3.956168952338105088e-02,3.956168952338104394e-02,4.455385356049050560e-02,6.423953962322759281e-02
3.145000000000000284e+01,4.097296593112642604e-02,4.097296593112642604e-02,4.617472900436071781e-02,6.530113635809797756e-02
3.150000000000000000e+01,4.239755163007488670e-02,4.239755163007487282e-02,4.780746396815863802e-02,6.636475710847911103e-02
3.155000000000000071e+01,4.383522994370482595e-02,4.383522994370481901e-02,4.945150763201958816e-02,6.743028701025099991e-02
3.160000000000000142e+01,4.528578074422651145e-02,4.528578074422650451e-02,5.110630917607839052e-02,6.849761119928388098e-02
3.164999999999999858e+01,4.674898045258249479e-02,4.674898045258248785e-02,5.277131778046991600e-02,6.956661481145598458e-02
3.170000000000000284e+01,4.822460203844796539e-02,4.822460203844799315e-02,5.444598262532948652e-02,7.063718298264198836e-02
3.175000000000000000e+01,4.971241502022975128e-02,4.971241502022975128e-02,5.612975289079157742e-02,7.170920084872367539e-02
3.180000000000000071e+01,5.121218546506757507e-02,5.121218546506756120e-02,5.782207775699153146e-02,7.278255354556861789e-02
3.185000000000000142e+01,5.272367598883308942e-02,5.272367598883309636e-02,5.952240640406419175e-02,7.385712620905859893e-02
3.189999999999999858e+01,5.424664575613016154e-02,5.424664575613016154e-02,6.123018801214440143e-02,7.493280397507007251e-02
3.195000000000000284e+01,5.578085048029539361e-02,5.578085048029540055e-02,6.294487176136751017e-02,7.600947197947416356e-02
3.200000000000000000e+01,5.732604242339691542e-02,5.732604242339690848e-02,6.466590683186794475e-02,7.708701535814999062e-02
3.204999999999999716e+01,5.888197039623575130e-02,5.888197039623573742e-02,6.639274240378097158e-02,7.816531924697756040e-02
3.210000000000000142e+01,6.044837975834519567e-02,6.044837975834520261e-02,6.812482765724177380e-02,7.924426878182533329e-02
3.214999999999999858e+01,6.202501241799018850e-02,6.202501241799015380e-02,6.986161177238484066e-02,8.032374909857242784e-02
3.220000000000000284e+01,6.361160683216879330e-02,6.361160683216882106e-02,7.160254392934561896e-02,8.140364533309796258e-02
3.225000000000000000e+01,6.520789800661047630e-02,6.520789800661050406e-02,7.334707330825859795e-02,8.248384262127572697e-02
3.229999999999999716e+01,6.681361749577761910e-02,6.681361749577760523e-02,7.509464908925897464e-02,8.356422609898039866e-02
3.235000000000000142e+01,6.842849340286494275e-02,6.842849340286491500e-02,7.684472045248197380e-02,8.464468090208931983e-02
3.239999999999999858e+01,7.005225037979863345e-02,7.005225037979860570e-02,7.859673657806207081e-02,8.572509216648072083e-02
3.245000000000000284e+01,7.168460962723820218e-02,7.168460962723818830e-02,8.035014664613469859e-02,8.680534502802750296e-02
3.250000000000000000e+01,7.332528889457443078e-02,7.332528889457441690e-02,8.210439983683437415e-02,8.788532462260523204e-02
3.254999999999999716e+01,7.497400247993109279e-02,7.497400247993107891e-02,8.385894533029626674e-02,8.896491608609480295e-02
3.260000000000000142e+01,7.663046123016421796e-02,7.663046123016421796e-02,8.561323230665565664e-02,9.004400455436645245e-02
3.264999999999999858e+01,7.829437254086142606e-02,7.829437254086141218e-02,8.736670994604693596e-02,9.112247516329841091e-02
3.270000000000000284e+01,7.996544035634353675e-02,7.996544035634353675e-02,8.911882742860560702e-02,9.220021304876802049e-02
3.275000000000000000e+01,8.164336516966270996e-02,8.164336516966272383e-02,9.086903393446614519e-02,9.327710334665439973e-02
3.279999999999999716e+01,8.332784402260408341e-02,8.332784402260406953e-02,9.261677864376374747e-02,9.435303119282423268e-02
3.285000000000000142e+01,8.501857050568499552e-02,8.501857050568499552e-02,9.436151073663363864e-02,9.542788172316019057e-02
3.289999999999999858e+01,8.671523475815449966e-02,8.671523475815448578e-02,9.610267939321030795e-02,9.650154007354139196e-02
3.295000000000000284e+01,8.841752346799471030e-02,8.841752346799469642e-02,9.783973379362916056e-02,9.757389137983540905e-02
3.300000000000000000e+01,9.012511987191917928e-02,9.012511987191917928e-02,9.957212311802474125e-02,9.864482077792313675e-02
3.304999999999999716e+01,9.183770375537438080e-02,9.183770375537438080e-02,1.012992965465322193e-01,9.971421340368369357e-02
3.310000000000000142e+01,9.355495145253908684e-02,9.355495145253908684e-02,1.030207032592868333e-01,1.007819543929873163e-01
3.314999999999999858e+01,9.527653584632360395e-02,9.527653584632357620e-02,1.047357924364230031e-01,1.018479288817095707e-01
3.320000000000000284e+01,9.700212636837152180e-02,9.700212636837146629e-02,1.064440132580762866e-01,1.029120220057331281e-01
3.325000000000000000e+01,9.873138899905760379e-02,9.873138899905758992e-02,1.081448149043810342e-01,1.039741189009308897e-01
3.329999999999999716e+01,1.004639862674898271e-01,1.004639862674897993e-01,1.098376465554725540e-01,1.050341047031766450e-01
3.335000000000000142e+01,1.021995772515082446e-01,1.021995772515082168e-01,1.115219573914860429e-01,1.060918645483486245e-01
3.339999999999999858e+01,1.039378175776845270e-01,1.039378175776845270e-01,1.131971965925559487e-01,1.071472835723241701e-01
3.345000000000000284e+01,1.056783594213236144e-01,1.056783594213235727e-01,1.148628133388177319e-01,1.082002469109770715e-01
3.350000000000000000e+01,1.074208515064617175e-01,1.074208515064617175e-01,1.165182568104058958e-01,1.092506397001811180e-01
3.354999999999999716e+01,1.091649391058680391e-01,1.091649391058680391e-01,1.181629761874556372e-01,1.102983470758180928e-01
3.360000000000000142e+01,1.109102640410440932e-01,1.109102640410440932e-01,1.197964206501021256e-01,1.113432541737608972e-01
3.364999999999999858e+01,1.126564646822228732e-01,1.126564646822228732e-01,1.214180393784799472e-01,1.123852461298842087e-01
3.370000000000000284e+01,1.144031759483706834e-01,1.144031759483706417e-01,1.230272815527244379e-01,1.134242080800689223e-01
3.375000000000000000e+01,1.161500293071850848e-01,1.161500293071851125e-01,1.246235963529701840e-01,1.144600251601870511e-01
3.379999999999999716e+01,1.178966527750966581e-01,1.178966527750966026e-01,1.262064329593522716e-01,1.154925825061141609e-01
3.385000000000000142e+01,1.196426709172682540e-01,1.196426709172682817e-01,1.277752405520060086e-01,1.165217652537302584e-01
3.389999999999999858e+01,1.213877048475942022e-01,1.213877048475942300e-01,1.293294683110658427e-01,1.175474585389100213e-01
3.395000000000000284e+01,1.231313722287022683e-01,1.231313722287022960e-01,1.308685654166672208e-01,1.185695474975254626e-01
3.400000000000000000e+01,1.248732872719512804e-01,1.248732872719512943e-01,1.323919810489446736e-01,1.195879172654565892e-01
3.404999999999999716e+01,1.266130607374331973e-01,1.266130607374332251e-01,1.338991643880333704e-01,1.206024529785798549e-01
3.410000000000000142e+01,1.283502999339722062e-01,1.283502999339722062e-01,1.353895646140684528e-01,1.216130397727681611e-01
3.414999999999999858e+01,1.300846087191241396e-01,1.300846087191241118e-01,1.368626309071845348e-01,1.226195627838988500e-01
3.420000000000000284e+01,1.318155874991778498e-01,1.318155874991778498e-01,1.383178124475169801e-01,1.236219071478501519e-01
3.425000000000000000e+01,1.335428332291537790e-01,1.335428332291537235e-01,1.397545584152002918e-01,1.246199580005002971e-01
3.429999999999999716e+01,1.352659394128050974e-01,1.352659394128050974e-01,1.411723179903697223e-01,1.256136004777168580e-01
3.435000000000000142e+01,1.369844961026174535e-01,1.369844961026174535e-01,1.425705403531603854e-01,1.266027197153816175e-01
3.439999999999999858e+01,1.386980898998079192e-01,1.386980898998078637e-01,1.439486746837068398e-01,1.275872008493728060e-01
3.445000000000000284e+01,1.404063039543268776e-01,1.404063039543269054e-01,1.453061701621445045e-01,1.285669290155615485e-01
3.450000000000000000e+01,1.421087179648559407e-01,1.421087179648559129e-01,1.466424759686078549e-01,1.295417893498260753e-01
3.454999999999999716e+01,1.438049081788097538e-01,1.438049081788096983e-01,1.479570412832322268e-01,1.305116669880437286e-01
3.460000000000000142e+01,1.454944473923352743e-01,1.454944473923353021e-01,1.492493152861525951e-01,1.314764470660874096e-01
3.464999999999999858e+01,1.471769049503110216e-01,1.471769049503110216e-01,1.505187471575036295e-01,1.324360147198335724e-01
3.470000000000000284e+01,1.488518467463485762e-01,1.488518467463485762e-01,1.517647860774206658e-01,1.333902550851595592e-01
3.475000000000000000e+01,1.505188352227909976e-01,1.505188352227910253e-01,1.529868812260382627e-01,1.343390532979471530e-01
3.479999999999999716e+01,1.521774293707144066e-01,1.521774293707143788e-01,1.541844817834917003e-01,1.352822944940594851e-01
3.485000000000000142e+01,1.538271847299269857e-01,1.538271847299269579e-01,1.553570369299159537e-01,1.362198638093836678e-01
3.489999999999999858e+01,1.554676533889685908e-01,1.554676533889685630e-01,1.565039958454457203e-01,1.371516463797943786e-01
3.495000000000000284e+01,1.570983839851122221e-01,1.570983839851122499e-01,1.576248077102163359e-01,1.380775273411636306e-01
3.500000000000000000e+01,1.587189217043623868e-01,1.587189217043623313e-01,1.587189217043623868e-01,1.389973918293669897e-01
3.504999999999999716e+01,1.603288082814563198e-01,1.603288082814563198e-01,1.597859242258140022e-01,1.399111249802871271e-01
3.510000000000000142e+01,1.619275819998638177e-01,1.619275819998637900e-01,1.608259505436812342e-01,1.408186119297916150e-01
3.514999999999999858e+01,1.635147776917859619e-01,1.635147776917858786e-01,1.618392731448687061e-01,1.417197378137613484e-01
3.520000000000000284e+01,1.650899267381570057e-01,1.650899267381570334e-01,1.628261645162815963e-01,1.426143877680718930e-01
3.525000000000000000e+01,1.666525570686430702e-01,1.666525570686430702e-01,1.637868971448245003e-01,1.435024469286023674e-01
3.529999999999999716e+01,1.682021931616426713e-01,1.682021931616426991e-01,1.647217435174024303e-01,1.443838004312230083e-01
3.535000000000000142e+01,1.697383560442867756e-01,1.697383560442867201e-01,1.656309761209204534e-01,1.452583334118111580e-01
3.539999999999999858e+01,1.712605632924379673e-01,1.712605632924379950e-01,1.665148674422831931e-01,1.461259310062503758e-01
3.545000000000000284e+01,1.727683290306921415e-01,1.727683290306920583e-01,1.673736899683958002e-01,1.469864783504055694e-01
3.550000000000000000e+01,1.742611639323762562e-01,1.742611639323762007e-01,1.682077161861628700e-01,1.478398605801576338e-01
3.554999999999999716e+01,1.757385752195503581e-01,1.757385752195504136e-01,1.690172185824894979e-01,1.486859628313874637e-01
3.560000000000000142e+01,1.772000666630069443e-01,1.772000666630070276e-01,1.698024696442806680e-01,1.495246702399626315e-01
3.564999999999999858e+01,1.786451385822700189e-01,1.786451385822699911e-01,1.705637418584410314e-01,1.503558679417622557e-01
3.570000000000000284e+01,1.800732878455963970e-01,1.800732878455963415e-01,1.713013077118756833e-01,1.511794410726645665e-01
3.575000000000000000e+01,1.814840078699747616e-01,1.814840078699747616e-01,1.720154396914893580e-01,1.519952747685477945e-01
3.579999999999999716e+01,1.828767886211265514e-01,1.828767886211265514e-01,1.727064102841870397e-01,1.528032541652795118e-01
3.585000000000000142e+01,1.842511166135054612e-01,1.842511166135054612e-01,1.733744919768736847e-01,1.536032643987450541e-01
3.589999999999999858e+01,1.856064749102966926e-01,1.856064749102966926e-01,1.740199572564539998e-01,1.543951906048164346e-01
3.595000000000000284e+01,1.869423431234187860e-01,1.869423431234188415e-01,1.746430786098331078e-01,1.551789179193683310e-01
3.600000000000000000e+01,1.882581974135216774e-01,1.882581974135216496e-01,1.752441285239156876e-01,1.559543314782754209e-01
3.604999999999999716e+01,1.895535104899880308e-01,1.895535104899880030e-01,1.758233794856067511e-01,1.567213164174203754e-01
3.610000000000000142e+01,1.908277516109329053e-01,1.908277516109329053e-01,1.763811039818112270e-01,1.574797578726752079e-01
3.615000000000000568e+01,1.920803865832032553e-01,1.920803865832033108e-01,1.769175744994339605e-01,1.582295409799154839e-01
3.620000000000000284e+01,1.933108777623783192e-01,1.933108777623782359e-01,1.774330635253797972e-01,1.589705508750149932e-01
3.625000000000000000e+01,1.945186840527697580e-01,1.945186840527697858e-01,1.779278435465536379e-01,1.597026726938590713e-01
3.629999999999999716e+01,1.957032609074216001e-01,1.957032609074216001e-01,1.784021870498604390e-01,1.604257915723117378e-01
3.635000000000000142e+01,1.968640603281103518e-01,1.968640603281103241e-01,1.788563665222051013e-01,1.611397926462574404e-01
3.640000000000000568e+01,1.980005308653441098e-01,1.980005308653440266e-01,1.792906544504925259e-01,1.618445610515690802e-01
3.645000000000000284e+01,1.991121176183635044e-01,1.991121176183634767e-01,1.797053233216275026e-01,1.625399819241257759e-01
3.650000000000000000e+01,2.001982622351417551e-01,2.001982622351417551e-01,1.801006456225149877e-01,1.632259403997968761e-01
3.654999999999999716e+01,2.012584029123841711e-01,2.012584029123841156e-01,1.804768938400599099e-01,1.639023216144677164e-01
3.660000000000000142e+01,2.022919743955283733e-01,2.022919743955283733e-01,1.808343404611671146e-01,1.645690107040067574e-01
3.665000000000000568e+01,2.032984079787440446e-01,2.032984079787439891e-01,1.811732579727415304e-01,1.652258928042931174e-01
3.670000000000000284e+01,2.042771315049332903e-01,2.042771315049332626e-01,1.814939188616880306e-01,1.658728530511996979e-01
3.675000000000000000e+01,2.052275693657304445e-01,2.052275693657303890e-01,1.817965956149114881e-01,1.665097765806100583e-01
3.679999999999999716e+01,2.061491425015022361e-01,2.061491425015021806e-01,1.820815607193168317e-01,1.671365485283926589e-01
3.685000000000000142e+01,2.070412684013476778e-01,2.070412684013476223e-01,1.823490866618089901e-01,1.677530540304275064e-01
3.690000000000000568e+01,2.079033611030979001e-01,2.079033611030978168e-01,1.825994459292928085e-01,1.683591782225883904e-01
3.695000000000000284e+01,2.087348311933160949e-01,2.087348311933160949e-01,1.828329110086731601e-01,1.689548062407579820e-01
3.700000000000000000e+01,2.095350858072982936e-01,2.095350858072982381e-01,1.830497543868549459e-01,1.695398232208020772e-01
3.704999999999999716e+01,2.103035286290723394e-01,2.103035286290723671e-01,1.832502485507430945e-01,1.701141142986051236e-01
3.710000000000000142e+01,2.110395598913988591e-01,2.110395598913988313e-01,1.834346659872425067e-01,1.706775646100364696e-01
3.715000000000000568e+01,2.117425763757699586e-01,2.117425763757699864e-01,1.836032791832580835e-01,1.712300592909752339e-01
3.720000000000000284e+01,2.124119714124106106e-01,2.124119714124106384e-01,1.837563606256946425e-01,1.717714834772978705e-01
3.725000000000000000e+01,2.130471348802779052e-01,2.130471348802779330e-01,1.838941828014571123e-01,1.723017223048843860e-01
3.729999999999999716e+01,2.136474532070612720e-01,2.136474532070611887e-01,1.840170181974504493e-01,1.728206609096032409e-01
3.735000000000000142e+01,2.142123093691822855e-01,2.142123093691823410e-01,1.841251393005794712e-01,1.733281844273335537e-01
3.740000000000000568e+01,2.147410828917949988e-01,2.147410828917948877e-01,1.842188185977491066e-01,1.738241779939535547e-01
3.745000000000000284e+01,2.152331498487852768e-01,2.152331498487851658e-01,1.842983285758642564e-01,1.743085267453396980e-01
3.750000000000000000e+01,2.156878828627717404e-01,2.156878828627717404e-01,1.843639417218297660e-01,1.747811158173631085e-01
3.754999999999999716e+01,2.161046511051051278e-01,2.161046511051052110e-01,1.844159305225505918e-01,1.752418303459082338e-01
3.760000000000000142e+01,2.164828202958685444e-01,2.164828202958684888e-01,1.844545674649316347e-01,1.756905554668408698e-01
3.765000000000000568e+01,2.168217527038771297e-01,2.168217527038771297e-01,1.844801250358777400e-01,1.761271763160419113e-01
3.770000000000000284e+01,2.171208071466782796e-01,2.171208071466782796e-01,1.844928757222937810e-01,1.765515780293869241e-01
3.775000000000000000e+01,2.173793389905520623e-01,2.173793389905520346e-01,1.844930920110847139e-01,1.769636457427559151e-01
3.779999999999999716e+01,2.175967001505105525e-01,2.175967001505105247e-01,1.844810463891554120e-01,1.773632645920173445e-01
3.785000000000000142e+01,2.177722390902979421e-01,2.177722390902978311e-01,1.844570113434107761e-01,1.777503197130556600e-01
3.790000000000000568e+01,2.179053008223908738e-01,2.179053008223908183e-01,1.844212593607556516e-01,1.781246962417384339e-01
3.795000000000000284e+01,2.179952269079982741e-01,2.179952269079981908e-01,1.843740629280949950e-01,1.784862793139527781e-01
3.800000000000000000e+01,2.180413554570614365e-01,2.180413554570613810e-01,1.843156945323336793e-01,1.788349540655636005e-01
3.804999999999999716e+01,2.180430211282535780e-01,2.180430211282535502e-01,1.842464266603766054e-01,1.791706056324544605e-01
3.810000000000000142e+01,2.179995551289806155e-01,2.179995551289805877e-01,1.841665317991286466e-01,1.794931191504964829e-01
3.815000000000000568e+01,2.179102852153804171e-01,2.179102852153803616e-01,1.840762824354947036e-01,1.798023797555678982e-01
3.820000000000000284e+01,2.177745356923233011e-01,2.177745356923232456e-01,1.839759510563796774e-01,1.800982725835416076e-01
3.825000000000000000e+01,2.175916274134117034e-01,2.175916274134116479e-01,1.838658101486884688e-01,1.803806827703020588e-01
3.829999999999999716e+01,2.173608777809805659e-01,2.173608777809805936e-01,1.837461321993259233e-01,1.806494954517159357e-01
3.835000000000000142e+01,2.170816007460968367e-01,2.170816007460968367e-01,1.836171896951969973e-01,1.809045957636650215e-01
3.840000000000000568e+01,2.167531068085598867e-01,2.167531068085598867e-01,1.834792551232066193e-01,1.811458688420239937e-01
3.845000000000000284e+01,2.163747030169014263e-01,2.163747030169013708e-01,1.833326009702595794e-01,1.813731998226710829e-01
3.850000000000000000e+01,2.159456929683852555e-01,2.159456929683852278e-01,1.831774997232608337e-01,1.815864738414756374e-01
3.854999999999999716e+01,2.154653768090076249e-01,2.154653768090075694e-01,1.830142238691152556e-01,1.817855760343203286e-01
3.860000000000000142e+01,2.149330512334967080e-01,2.149330512334966525e-01,1.828430458947277182e-01,1.819703915370816105e-01
3.865000000000000568e+01,2.143480094853134066e-01,2.143480094853134621e-01,1.826642382870031500e-01,1.821408054856288317e-01
3.870000000000000284e+01,2.137095413566508784e-01,2.137095413566508229e-01,1.824780735328464520e-01,1.822967030158411106e-01
3.875000000000000000e+01,2.130169331884340655e-01,2.130169331884340378e-01,1.822848241191625529e-01,1.824379692636002304e-01
3.879999999999999716e+01,2.122694678703206383e-01,2.122694678703206383e-01,1.820847625328562702e-01,1.825644893647746514e-01
3.885000000000000142e+01,2.114664248407002456e-01,2.114664248407001901e-01,1.818781612608325049e-01,1.826761484552426040e-01
3.890000000000000568e+01,2.106070800866950699e-01,2.106070800866950143e-01,1.816652927899961301e-01,1.827728316708832068e-01
3.895000000000000284e+01,2.096907061441594666e-01,2.096907061441594666e-01,1.814464296072521576e-01,1.828544241475729137e-01
3.900000000000000000e+01,2.087165720976801309e-01,2.087165720976801031e-01,1.812218441995053775e-01,1.829208110211801852e-01
3.904999999999999716e+01,2.076839435805757361e-01,2.076839435805757361e-01,1.809918090536607183e-01,1.829718774275876925e-01
3.910000000000000142e+01,2.065920827748974065e-01,2.065920827748973787e-01,1.807565966566230808e-01,1.830075085026727777e-01
3.915000000000000568e+01,2.054402484114286331e-01,2.054402484114286609e-01,1.805164794952973384e-01,1.830275893823056776e-01
3.920000000000000284e+01,2.042276957696853579e-01,2.042276957696853579e-01,1.802717300565883640e-01,1.830320052023646227e-01
3.925000000000000000e+01,2.029536766779153067e-01,2.029536766779153067e-01,1.800226208274011419e-01,1.830206410987313959e-01
3.929999999999999716e+01,2.016174395130987951e-01,2.016174395130987396e-01,1.797694242946404897e-01,1.829933822072709049e-01
3.935000000000000142e+01,2.002182292009480613e-01,2.002182292009480613e-01,1.795124129452112527e-01,1.829501136638675973e-01
3.940000000000000568e+01,1.987552872159080997e-01,1.987552872159080442e-01,1.792518592660184429e-01,1.828907206043961509e-01
3.945000000000000284e+01,1.972278515811561606e-01,1.972278515811561606e-01,1.789880357439669056e-01,1.828150881647347958e-01
3.950000000000000000e+01,1.956351568686014453e-01,1.956351568686014730e-01,1.787212148659615973e-01,1.827231014807511045e-01
3.954999999999999716e+01,1.939764341988855223e-01,1.939764341988854945e-01,1.784516691189072524e-01,1.826146456883321889e-01
3.960000000000000142e+01,1.922509112413819388e-01,1.922509112413819388e-01,1.781796709897088826e-01,1.824896059233482859e-01
3.965000000000000568e+01,1.904578122141971364e-01,1.904578122141971641e-01,1.779054929652713890e-01,1.823478673216749613e-01
3.970000000000000284e+01,1.885963578841698129e-01,1.885963578841697297e-01,1.776294075324996169e-01,1.821893150191851163e-01
3.975000000000000000e+01,1.866657655668703397e-01,1.866657655668703397e-01,1.773516871782984117e-01,1.820138341517667513e-01
3.979999999999999716e+01,1.846652491266017049e-01,1.846652491266017604e-01,1.770726043895728963e-01,1.818213098552821094e-01
3.985000000000000142e+01,1.825940189763988475e-01,1.825940189763988752e-01,1.767924316532276385e-01,1.816116272656147501e-01
3.990000000000000568e+01,1.804512820780295179e-01,1.804512820780295179e-01,1.765114414561677614e-01,1.813846715186384628e-01
3.995000000000000284e+01,1.782362419419938615e-01,1.782362419419938893e-01,1.762299062852981102e-01,1.811403277502359188e-01
4.000000000000000000e+01,1.759480986275235859e-01,1.759480986275235581e-01,1.759480986275235859e-01,1.808784810962711376e-01
